anio,sexo,esperanza_vida_al_nacer,APV_85
2010,Hombres,74.599950664425,10.400049335575
2010,Mujeres,80.2999987657024,4.70000123429762
2019,Hombres,74.7999949737882,10.2000050262118
2019,Mujeres,80.4999488219766,4.5000511780234
2021,Hombres,67.099996487524,17.900003512476
2021,Mujeres,75.5999856328735,9.40001436712653
